method,acc,auroc,auprc,auprc_p,auprc_n,ece,auprd-p,auprc-n
vanilla,0.49170872386445563,0.5187454503858073,0.5010341229582634,0.5010341229582634,0.5235887223962201,0.401939437635184,0.5010341229582634,0.5235887223962201
few shot cot,0.4809763101220388,0.5273920852170682,0.4990150163662006,0.4990150163662006,0.5350210341516105,0.4094615936826993,0.4990150163662006,0.5350210341516105
multi step,0.5018450184501845,0.490905841503268,0.48881461876421795,0.48881461876421795,0.5077530944444711,0.3173616236162362,0.48881461876421795,0.5077530944444711
zero shot cot,0.504950495049505,0.4934795219863092,0.49944317784790554,0.49944317784790554,0.49364615564733305,0.4446001523229246,0.49944317784790554,0.49364615564733305
