method,acc,ece,auroc,auprc_n,auprc_p
few shot cot,0.6710730948678072,0.2994090202177294,0.6364131938452098,0.4304533809891081,0.7422808521047974
multi step,0.7795753286147624,0.21188068756319517,0.5625542902699937,0.2814276034854346,0.8018239651493553
vanilla,0.7517006802721088,0.24800170068027216,0.5074304221161594,0.2562785388127854,0.7544847049828682
zero shot cot,0.7776752767527675,0.22232472324723251,0.5,0.22232472324723246,0.7776752767527675

