acc,auroc,auprc,ece
0.7190780740919512,0.6077306468197056,0.7700094920636487,0.21364064196924973
