method,acc,auroc,auprc,auprc_p,auprc_n,ece,auprd-p,auprc-n
few shot cot,0.7199618183987591,0.6069173208091232,0.7703664298365532,0.7703664298365532,0.34818426923729245,0.21259038300918748,0.7703664298365532,0.34818426923729245
multi step,0.7047120418848167,0.584641879538006,0.75317289904848,0.75317289904848,0.347412102067389,0.1676583769633508,0.75317289904848,0.347412102067389
vanilla,0.7477477477477478,0.5444025806431108,0.764575878047717,0.764575878047717,0.285429501535849,0.21758969495811603,0.764575878047717,0.285429501535849
zero shot cot,0.7374376039933445,0.5529874332541764,0.758921030509366,0.758921030509366,0.30586015221864976,0.22523294509151418,0.758921030509366,0.30586015221864976
