method,acc,auroc,auprc,auprc_p,auprc_n,ece,auprd-p,auprc-n
few shot cot,0.7199618183987591,0.6069173208091232,0.7703664298365532,0.7703664298365532,0.34818426923729245,0.21273356401384064,0.7703664298365532,0.34818426923729245
multi step,0.7108878711774265,0.5838380543276454,0.7587922671364208,0.7587922671364208,0.3396740329670374,0.16368887575712812,0.7587922671364208,0.3396740329670374
vanilla,0.6595942182734386,0.5222833451517035,0.6678591403107434,0.6678591403107434,0.38003974987034794,0.30010476064182456,0.6678591403107434,0.38003974987034794
zero shot cot,0.6595827900912646,0.5230142230526966,0.6685389239009983,0.6685389239009983,0.38798226332242614,0.297006518904824,0.6685389239009983,0.38798226332242614
