method,acc,auroc,auprc,auprc_p,auprc_n,ece,auprd-p,auprc-n
few shot cot,0.20684931506849316,0.4893077239817452,0.20455883968598393,0.20455883968598393,0.7865349882767555,0.707939726027333,0.20455883968598393,0.7865349882767555
vanilla,0.05902004454342984,0.4947899222209817,0.058407668171315416,0.058407668171315416,0.9401749077149777,0.8326224944320825,0.058407668171315416,0.9401749077149777
zero shot cot,0.2041618160651921,0.5051323425092665,0.20582889378297678,0.20582889378297678,0.7975177562225535,0.6871463911524799,0.20582889378297678,0.7975177562225535
