method,acc,auroc,auprc,auprc_p,auprc_n,ece,auprd-p,auprc-n
few shot cot,0.2191780821917808,0.4925251644736843,0.21793314359123941,0.21793314359123941,0.7748582604483273,0.6956109589041097,0.21793314359123941,0.7748582604483273
multi step,0.17503022974607013,0.5367211445416751,0.1905304901029094,0.1905304901029094,0.8445324729265227,0.6738149939540508,0.1905304901029094,0.8445324729265227
vanilla,0.08017213898629263,0.502841726284125,0.08091905103415693,0.08091905103415693,0.9197629974607296,0.8131495058973541,0.08091905103415693,0.9197629974607296
zero shot cot,0.2035651108994421,0.5067186396482083,0.2059077807182872,0.2059077807182872,0.7986518667510374,0.6881630153762418,0.2059077807182872,0.7986518667510374
