method,acc,auroc,auprc,auprc_p,auprc_n,ece,auprd-p,auprc-n
few shot cot,0.3715767634854772,0.6116982836120369,0.44694085942325484,0.44694085942325484,0.6993006124644386,0.47698547717842327,0.44694085942325484,0.6993006124644386
