method,acc,auroc,auprc,auprc_p,auprc_n,ece,auprd-p,auprc-n
few shot cot,0.504424778761062,0.5346351991088834,0.522892151548864,0.522892151548864,0.5151887648256628,0.4778761061946903,0.522892151548864,0.5151887648256628
multi step,0.4342629482071713,0.5220635741051816,0.445218357134682,0.445218357134682,0.5932883551044156,0.5511553784860559,0.445218357134682,0.5932883551044156
vanilla,0.45871559633027525,0.5079849340866289,0.4627155177888707,0.4627155177888707,0.5482610273156067,0.5402140672782876,0.4627155177888707,0.5482610273156067
zero shot cot,0.4597014925373134,0.505524861878453,0.4624624624624625,0.4624624624624625,0.5453780819658613,0.5386567164179105,0.4624624624624625,0.5453780819658613
