method,ece,auroc,auprc_n,auprc_p,acc,auprc,auprd-p,auprc-n
few shot cot,0.4591743119266055,0.541235567551357,0.5006836626676077,0.5450548526887853,0.5229357798165137,0.5450548526887853,0.5450548526887853,0.5006836626676077
multi step,0.5246468401486989,0.517797552836485,0.558688590817805,0.4700098654548723,0.46096654275092935,0.4700098654548723,0.4700098654548723,0.558688590817805
vanilla,0.46725352112676055,0.5079918338893592,0.47654347135444247,0.5357000778922947,0.5316901408450704,0.5357000778922947,0.5357000778922947,0.47654347135444247
zero shot cot,0.47804054054054057,0.5035211267605634,0.48339360487247807,0.5220338983050847,0.5202702702702703,0.5220338983050847,0.5220338983050847,0.48339360487247807
