method,acc,auroc,auprc,auprc_p,auprc_n,ece,auprd-p,auprc-n
few shot cot,0.504424778761062,0.5346351991088834,0.522892151548864,0.522892151548864,0.5151887648256628,0.4778761061946903,0.522892151548864,0.5151887648256628
multi step,0.46096654275092935,0.517797552836485,0.4700098654548723,0.4700098654548723,0.558688590817805,0.5246468401486989,0.4700098654548723,0.558688590817805
vanilla,0.45871559633027525,0.5079849340866289,0.4627155177888707,0.4627155177888707,0.5482610273156067,0.5402140672782876,0.4627155177888707,0.5482610273156067
zero shot cot,0.4597014925373134,0.505524861878453,0.4624624624624625,0.4624624624624625,0.5453780819658613,0.5386567164179105,0.4624624624624625,0.5453780819658613
