method,acc,auroc,auprc,auprc_p,auprc_n,ece,auprd-p,auprc-n
few shot cot,0.3715767634854772,0.6116982836120369,0.44694085942325484,0.44694085942325484,0.6993006124644386,0.4764668049792532,0.44694085942325484,0.6993006124644386
vanilla,0.3931063649820258,0.5579552951738693,0.42661571759562905,0.42661571759562905,0.6369669111269541,0.44150983294565455,0.42661571759562905,0.6369669111269541
zero shot cot,0.4748993857233637,0.5627841666609691,0.5115354738877157,0.5115354738877157,0.5671740317322455,0.3406492268587164,0.5115354738877157,0.5671740317322455
