method,acc,auroc,auprc,auprc_p,auprc_n,ece,auprd-p,auprc-n
few shot cot,0.3715767634854772,0.6116982836120369,0.44694085942325484,0.44694085942325484,0.6993006124644386,0.47698547717842327,0.44694085942325484,0.6993006124644386
multi step,0.46264225630875805,0.5453424943837683,0.48715812274234865,0.48715812274234865,0.5822797003715623,0.388154379020287,0.48715812274234865,0.5822797003715623
vanilla,0.3931063649820258,0.5579552951738693,0.42661571759562905,0.42661571759562905,0.6369669111269541,0.4417212941425249,0.42661571759562905,0.6369669111269541
zero shot cot,0.4748993857233637,0.5627841666609691,0.5115354738877157,0.5115354738877157,0.5671740317322455,0.34367824613429354,0.5115354738877157,0.5671740317322455
