method,acc,auroc,auprc,auprc_p,auprc_n,ece,auprd-p,auprc-n
few shot cot,0.3715767634854772,0.6116982836120369,0.44694085942325484,0.44694085942325484,0.6993006124644386,"(0.47698547717842327, 9640, [27, 0, 1, 0, 6, 3, 0, 0, 2, 0, 8, 28, 0, 44, 0, 230, 5064, 0, 4053, 174])",0.44694085942325484,0.6993006124644386
vanilla,0.3931063649820258,0.5579552951738693,0.42661571759562905,0.42661571759562905,0.6369669111269541,"(0.4417212941425249, 9458, [12, 0, 0, 0, 0, 0, 0, 0, 0, 0, 0, 0, 0, 2, 0, 0, 6159, 0, 3273, 12])",0.42661571759562905,0.6369669111269541
zero shot cot,0.4748993857233637,0.5627841666609691,0.5115354738877157,0.5115354738877157,0.5671740317322455,"(0.34367824613429354, 9442, [107, 1, 9, 0, 46, 93, 0, 0, 82, 1, 103, 176, 0, 240, 0, 35, 5603, 0, 2695, 251])",0.5115354738877157,0.5671740317322455
