method,ece,auroc,auprc-n,auprc,auprc_p,auprc_n,auprd-p,acc
few shot cot,0.6432469402447806,0.47656683804627253,0.7108883861745449,0.2710178622502192,0.2710178622502192,0.7108883861745449,0.2710178622502192,0.28005759539236863
multi step,0.6432469402447806,0.47656683804627253,0.7108883861745449,0.2710178622502192,0.2710178622502192,0.7108883861745449,0.2710178622502192,0.28005759539236863
vanilla,0.49193857965451065,0.5206478483744773,0.6868938255899286,0.33215927608442,0.33215927608442,0.6868938255899286,0.33215927608442,0.32245681381957775
zero shot cot,0.4791751183231912,0.4862389509825408,0.6517218937153182,0.3366555536888032,0.3366555536888032,0.6517218937153182,0.3366555536888032,0.34279918864097364
