method,acc,auroc,auprc,auprc_p,auprc_n,ece,auprd-p,auprc-n
few shot cot,0.28005759539236863,0.47656683804627253,0.2710178622502192,0.2710178622502192,0.7108883861745449,0.6432469402447806,0.2710178622502192,0.7108883861745449
multi step,0.28005759539236863,0.47656683804627253,0.2710178622502192,0.2710178622502192,0.7108883861745449,0.6432469402447806,0.2710178622502192,0.7108883861745449
vanilla,0.32245681381957775,0.5206478483744773,0.33215927608442,0.33215927608442,0.6868938255899286,0.49193857965451065,0.33215927608442,0.6868938255899286
zero shot cot,0.34279918864097364,0.4862389509825408,0.3366555536888032,0.3366555536888032,0.6517218937153182,0.4791751183231912,0.3366555536888032,0.6517218937153182
