method,acc,auroc,auprc,auprc_p,auprc_n,ece,auprd-p,auprc-n
few shot cot,0.7961726746773475,0.5710988142807046,0.8206793614492062,0.8206793614492062,0.24588183070573846,0.17091826138555097,0.8206793614492062,0.24588183070573846
multi step,0.7942482146303802,0.5598394196859063,0.8146979124210709,0.8146979124210709,0.2537071621062583,0.19613009071607787,0.8146979124210709,0.2537071621062583
vanilla,0.7094544919864726,0.5551608944641396,0.7331107379784072,0.7331107379784072,0.34116758774990774,0.2858167916482869,0.7331107379784072,0.34116758774990774
zero shot cot,0.7846563981042654,0.5210855307055736,0.7918632601141878,0.7918632601141878,0.2384915892630353,0.21266291469194312,0.7918632601141878,0.2384915892630353
