method,acc,ece,auroc,auprc_p,auprc_n
few shot cot,0.7826475849731663,0.18653846153846154,0.5829747207524986,0.8131931312467048,0.2591570346379419
multi step,0.7944389275074478,0.1945382323733863,0.5604649758454106,0.8149162005499956,0.2651480364768148
vanilla,0.5916666666666667,0.400462962962963,0.5943669069088251,0.6417811549033147,0.48637257587739624
zero shot cot,0.7857785778577858,0.21390639063906394,0.5099338704553986,0.7891372316478441,0.227928255010375
