method,acc,auroc,auprc,ece
few shot cot,0.7199618183987591,0.6069173208091232,0.7703664298365532,0.21272163226335214
multi step,0.7047120418848167,0.584641879538006,0.75317289904848,0.16720026178009
vanilla,0.7477477477477478,0.5444025806431108,0.764575878047717,0.21768452663183732
zero shot cot,0.7374376039933445,0.5529874332541764,0.758921030509366,0.22523294509147673
