method,ece,auroc,auprc_n,auprc,auprc_p,auprd-p,auprc-n,acc
few shot cot,0.7989490445859873,0.6070850981902196,0.8746662438795606,0.20489222243621616,0.20489222243621616,0.20489222243621616,0.8746662438795606,0.15605095541401273
multi step,0.6682954545454546,0.5711071830306926,0.7815212275628745,0.31329067001903277,0.31329067001903277,0.31329067001903277,0.7815212275628745,0.2784090909090909
vanilla,0.7472602739726029,0.6200060532687651,0.8523132904372746,0.25838070936028346,0.25838070936028346,0.25838070936028346,0.8523132904372746,0.1917808219178082
zero shot cot,0.8484276729559748,0.5941948510853104,0.9143743881806295,0.13295927660681758,0.13295927660681758,0.13295927660681758,0.9143743881806295,0.11006289308176101
