method,acc,auroc,auprc,auprc_p,auprc_n,ece,auprd-p,auprc-n
few shot cot,0.6654867256637168,0.6338212737813803,0.7365247246812804,0.7365247246812804,0.46098558939749035,0.2918318584070797,0.7365247246812804,0.46098558939749035
multi step,0.6264308012486993,0.6685930834081381,0.7216466050140511,0.7216466050140511,0.5510933014765946,0.33598335067637886,0.7216466050140511,0.5510933014765946
vanilla,0.5693950177935944,0.5814792097107438,0.6139466210546791,0.6139466210546791,0.4956476944325267,0.41563167259786477,0.6139466210546791,0.4956476944325267
zero shot cot,0.6883468834688347,0.5655426223895925,0.7179028521932825,0.7179028521932825,0.3841597649596836,0.30559168925022584,0.7179028521932825,0.3841597649596836
