method,acc,ece,auroc,auprc_n,auprc_p
few shot cot,0.6654867256637168,0.2918318584070797,0.6338212737813803,0.46098558939749035,0.7365247246812804
multi step,0.6264308012486993,0.33598335067637886,0.6685930834081381,0.5510933014765946,0.7216466050140511
vanilla,0.5693950177935944,0.41563167259786477,0.5814792097107438,0.4956476944325267,0.6139466210546791
zero shot cot,0.6883468834688347,0.30559168925022584,0.5655426223895925,0.3841597649596836,0.7179028521932825
